ID,Shape,Polymer,Polymer_name,Degradation,shoot_mg,root_mg,totalmass_mg,WSA,CO2_ppm,SRSA,SRL,RTD,diameter_mm,WaterAbsorb,UV_Incubation_Days,Soil_Incubation_Days,Total_Incubation_Days,Degradation_Percent
Control1,Control,Control,Control,Control,81.8,64.3,146.1,37.77,1308.87,16.456,243.44,112.6761,0.2152,-,0,85,85,31.03
Control2,Control,Control,Control,Control,62.3,26.2,88.5,43.37,1105.870884,16.109722,224.3311111,109.0909,0.2286,-,0,85,85,26.22
Control3,Control,Control,Control,Control,76.3,57.9,134.2,40.74,1308.87,13.449643,192.8296429,133.3333,0.222,-,0,85,85,31.03
Control6,Control,Control,Control,Control,61.9,65.5,127.4,41.44,849.1093664,12.889268,173.2634146,130.1587,0.2368,-,0,85,85,20.13
Control7,Control,Control,Control,Control,51.7,46.1,97.8,31.54,1031.86348,20.240638,312.9812766,95.9184,0.2059,-,0,85,85,24.46
Control8,Control,Control,Control,Control,74.6,66.7,141.3,47.17,1283.42398,17.583667,252.4706667,103.4483,0.2217,-,0,85,85,30.43
Control9,Control,Control,Control,Control,114.5,54.8,169.3,41.35,2787.301538,12.502,180.8324,147.0588,0.2201,-,0,85,85,66.08
Control10,Control,Control,Control,Control,68.9,42.1,111.0,46.82,1308.87,15.626186,201.094433,103.1915,0.2473,-,0,85,85,31.03
Control11,Control,Control,Control,Control,90.3,73.5,163.8,58.95,1022.409595,16.16175,205.31925,98.7654,0.2506,-,0,85,85,24.24
Control12,Control,Control,Control,Control,92.8,46.1,138.9,42.82,1211.07637,12.338696,173.4604348,143.75,0.2264,-,0,85,85,28.71
Control13,Control,Control,Control,Control,74.8,82.0,156.8,42.31,1121.443253,16.245588,242.1951471,115.25,0.2135,-,0,85,85,26.59
Control14,Control,Control,Control,Control,81.2,45.4,126.6,24.72,1153.593734,17.643148,256.8675926,103.8462,0.2186,-,0,85,85,27.35
LDPE-A1-1,Film,Film_PE,Low_Density_polyethylene,Non_degraded,67.5,39.1,106.6,49.55,1851.98221,15.600959,214.1135616,110.6061,0.2319,0.08,14,85,99,43.92
LDPE-A1-2,Film,Film_PE,Low_Density_polyethylene,Non_degraded,74.4,58.7,133.1,52.16,2118.794544,15.793929,262.7642857,133.3333,0.1913,0.04,14,85,99,50.24
LDPE-A1-3,Film,Film_PE,Low_Density_polyethylene,Non_degraded,70.2,70.7,140.9,41.89,2033.909967,20.086957,299.9986957,92.0,0.2131,0.16,14,85,99,48.24
LDPE-A1-4,Film,Film_PE,Low_Density_polyethylene,Non_degraded,56.0,40.1,96.1,45.28,1677.65476,16.458571,269.7409524,123.5294,0.1942,-,14,85,99,39.77
LDPE-A1-5,Film,Film_PE,Low_Density_polyethylene,Non_degraded,65.3,48.1,113.4,58.37,1949.011701,20.834667,337.6744444,97.8261,0.1964,-,14,85,99,46.21
LDPE-A1-6,Film,Film_PE,Low_Density_polyethylene,Non_degraded,51.6,49.7,101.3,57.78,1473.965576,16.308889,225.9111111,107.1429,0.2298,-,14,85,99,34.94
LDPE-A1-7,Film,Film_PE,Low_Density_polyethylene,Non_degraded,53.9,46.5,100.4,63.08,1727.718599,21.04,325.8606667,93.75,0.2055,-,14,85,99,40.96
PET-A1-1,Film,Film_PET,Polyethylene_terephthalate,Non_degraded,66.3,56.8,123.1,68.49,1736.947544,22.03375,356.050625,94.1176,0.197,0.61,28,85,113,41.25
PET-A1-2,Film,Film_PET,Polyethylene_terephthalate,Non_degraded,70.3,67.0,137.3,50.93,1968.470848,13.598,189.919,125.0,0.2279,0.63,28,85,113,46.74
PET-A1-3,Film,Film_PET,Polyethylene_terephthalate,Non_degraded,67.6,53.1,120.7,57.27,1819.914577,24.591538,391.3284615,81.25,0.2,0.68,28,85,113,43.22
PET-A1-4,Film,Film_PET,Polyethylene_terephthalate,Non_degraded,73.2,67.4,140.6,52.3,1715.236156,19.272778,274.9888889,94.7368,0.2231,-,28,85,113,40.66
PET-A1-5,Film,Film_PET,Polyethylene_terephthalate,Non_degraded,63.5,67.3,130.8,35.46,1716.375731,15.443617,196.1555319,104.4444,0.2506,-,28,85,113,40.69
PET-A1-6,Film,Film_PET,Polyethylene_terephthalate,Non_degraded,68.3,79.6,147.9,69.28,2029.589594,16.286,198.412,93.75,0.2613,-,28,85,113,48.12
PET-A1-7,Film,Film_PET,Polyethylene_terephthalate,Non_degraded,77.8,68.9,146.7,59.76,2207.009094,20.092195,294.5604878,91.1111,0.2171,-,28,85,113,52.32
PP-A1-1,Film,Film_PP,Polypropylene,Non_degraded,59.6,72.3,131.9,51.77,1307.191227,20.246087,284.9434783,86.7925,0.2262,0.06,14,85,99,31.0
PP-A1-2,Film,Film_PP,Polypropylene,Non_degraded,53.0,49.9,102.9,55.61,1399.508055,20.038679,274.9283019,85.4839,0.232,0.18,14,85,99,33.2
PP-A1-3,Film,Film_PP,Polypropylene,Non_degraded,58.1,83.3,141.4,48.1,1649.383505,14.749318,184.1156818,106.4516,0.255,0.17,14,85,99,39.12
PP-A1-4,Film,Film_PP,Polypropylene,Non_degraded,74.0,109.5,183.5,45.86,1115.979765,18.868077,254.3161538,89.6552,0.2362,-,14,85,99,26.46
PP-A1-5,Film,Film_PP,Polypropylene,Non_degraded,67.4,76.4,143.8,57.86,1257.185452,16.486364,225.9922727,104.7619,0.2322,-,14,85,99,29.8
PP-A1-6,Film,Film_PP,Polypropylene,Non_degraded,53.7,59.8,113.5,44.88,1731.950224,21.28505,317.4084158,87.8261,0.2135,-,14,85,99,41.06
PP-A1-7,Film,Film_PP,Polypropylene,Non_degraded,43.5,94.2,137.7,45.09,1460.699971,19.123412,272.9994118,93.4066,0.223,-,14,85,99,34.63
PU-B1-1,Foam,Foam_PU,Polyurethane,Non_degraded,63.6,64.7,128.3,41.19,1062.624662,15.738974,240.0379487,121.875,0.2087,244.1,14,85,99,53.49
PU-B1-2,Foam,Foam_PU,Polyurethane,Non_degraded,74.4,52.7,127.1,48.91,1347.07207,17.523731,261.6614925,106.3492,0.2132,258.8,14,85,99,61.94
PU-B1-3,Foam,Foam_PU,Polyurethane,Non_degraded,79.5,54.9,134.4,68.06,1334.415434,17.8525635,250.6089666,100.07,0.22805,251.7,14,85,99,60.81
PU-B1-4,Foam,Foam_PU,Polyurethane,Non_degraded,71.1,52.1,123.2,50.57,1020.040517,21.508621,264.3532759,71.6049,0.259,-,14,85,99,24.18
PU-B1-5,Foam,Foam_PU,Polyurethane,Non_degraded,79.3,41.9,121.2,55.31,1424.424789,16.450227,199.1956818,91.6667,0.2629,-,14,85,99,33.77
PU-B1-6,Foam,Foam_PU,Polyurethane,Non_degraded,72.5,55.2,127.7,63.93,1179.810074,18.422195,266.5168293,97.619,0.22,-,14,85,99,27.97
PU-B1-7,Foam,Foam_PU,Polyurethane,Non_degraded,70.2,56.5,126.7,43.75,1460.148595,17.471633,271.8885714,111.3636,0.2045,-,14,85,99,34.62
PS-B1-1,Foam,Foam_PS,Polystyrene,Non_degraded,78.1,70.8,148.9,51.82,1546.430023,11.047021,150.0470213,156.6667,0.2344,27.76,14,85,99,39.88
PS-B1-2,Foam,Foam_PS,Polystyrene,Non_degraded,49.7,65.5,115.2,50.84,1587.046113,15.75,199.735,100.0,0.251,25.18,14,85,99,40.54
PS-B1-3,Foam,Foam_PS,Polystyrene,Non_degraded,59.7,67.3,127.0,47.63,1601.692756,10.889688,109.8534375,118.5185,0.3155,25.06,14,85,99,40.88
PS-B1-4,Foam,Foam_PS,Polystyrene,Non_degraded,62.6,57.3,119.9,52.15,1449.23106,18.084375,263.2375,101.5873,0.2187,-,14,85,99,34.36
PS-B1-5,Foam,Foam_PS,Polystyrene,Non_degraded,69.7,61.0,130.7,53.13,1028.011635,16.812083,235.60875,104.3478,0.2271,-,14,85,99,24.37
PS-B1-6,Foam,Foam_PS,Polystyrene,Non_degraded,60.1,69.3,129.4,51.92,1256.103235,15.764412,209.9155882,106.25,0.239,-,14,85,99,29.78
PS-B1-7,Foam,Foam_PS,Polystyrene,Non_degraded,90.9,86.5,177.4,51.4,1225.81601,16.802982,259.5280702,116.3265,0.2061,-,14,85,99,29.06
PP-C1-1,Fiber,Fiber_PP,Polypropylene,Non_degraded,66.2,32.9,99.1,52.66,1665.912049,19.133,271.677,93.0233,0.2242,2,14,85,99,39.73
PP-C1-2,Fiber,Fiber_PP,Polypropylene,Non_degraded,73.1,55.2,128.3,51.05,1408.0,16.791333,228.8943333,101.6949,0.2335,3,14,85,99,33.73
PP-C1-3,Fiber,Fiber_PP,Polypropylene,Non_degraded,67.3,48.7,116.0,44.67,1408.0,19.104375,282.9225,100.0,0.2149,3,14,85,99,33.73
PP-C1-4,Fiber,Fiber_PP,Polypropylene,Non_degraded,68.6,63.6,132.2,46.65,1610.378349,15.906571,211.1654286,106.0606,0.2398,4,14,85,99,38.64
PP-C1-5,Fiber,Fiber_PP,Polypropylene,Non_degraded,79.1,88.4,167.5,38.77,1323.883343,15.200185,202.0877778,110.2041,0.2394,3,14,85,99,31.73
PP-C1-6,Fiber,Fiber_PP,Polypropylene,Non_degraded,93.6,55.8,149.4,47.77,1347.681747,17.932143,251.9873214,98.2456,0.2265,4,14,85,99,32.41
PP-C1-7,Fiber,Fiber_PP,Polypropylene,Non_degraded,83.6,64.4,148.0,56.29,1092.187026,14.183729,218.769661,137.2093,0.2064,3,14,85,99,26.24
PET-C1-1,Fiber,Fiber_PET,Polyethylene_terephthalate,Non_degraded,69.5,45.4,114.9,44.84,1921.092608,18.712581,268.4898387,96.875,0.2218,4,28,85,113,46.01
PET-C1-2,Fiber,Fiber_PET,Polyethylene_terephthalate,Non_degraded,84.4,69.7,154.1,43.99,1202.864969,19.132656,289.3510938,100.0,0.2105,3,28,85,113,28.86
PET-C1-3,Fiber,Fiber_PET,Polyethylene_terephthalate,Non_degraded,57.5,58.4,115.9,38.59,1725.33,20.52449,305.3544898,90.7407,0.214,3,28,85,113,41.25
PET-C1-4,Fiber,Fiber_PET,Polyethylene_terephthalate,Non_degraded,64.9,65.3,130.2,52.86,1720.37793,20.533788,320.7987879,95.6522,0.2037,2,28,85,113,41.02
PET-C1-5,Fiber,Fiber_PET,Polyethylene_terephthalate,Non_degraded,54.9,63.9,118.8,41.18,1638.102949,20.890244,327.5114634,95.3488,0.203,3,28,85,113,39.18
PET-C1-6,Fiber,Fiber_PET,Polyethylene_terephthalate,Non_degraded,75.7,56.2,131.9,51.41,1851.099914,21.020541,317.7989189,90.2439,0.2105,2,28,85,113,44.12
PET-C1-7,Fiber,Fiber_PET,Polyethylene_terephthalate,Non_degraded,69.5,76.6,146.1,48.47,2018.448771,11.28525,163.159,160.0,0.2202,3,28,85,113,48.2
PA-C1-1,Fiber,Fiber_PA,Polyamide,Non_degraded,70.0,117.4,187.4,53.86,1467.621916,19.2835,316.207875,106.6667,0.1941,2,14,85,99,35.03
PA-C1-2,Fiber,Fiber_PA,Polyamide,Non_degraded,68.3,81.6,149.9,48.19,1090.92613,19.372581,268.5154839,90.2913,0.2297,3,14,85,99,26.21
PA-C1-3,Fiber,Fiber_PA,Polyamide,Non_degraded,76.4,53.9,130.3,47.72,1777.395342,17.747857,249.9959524,100.0,0.226,2,14,85,99,42.37
PA-C1-4,Fiber,Fiber_PA,Polyamide,Non_degraded,80.2,87.9,168.1,51.35,1385.18832,24.461875,446.98,94.1176,0.1742,3,14,85,99,33.19
PA-C1-5,Fiber,Fiber_PA,Polyamide,Non_degraded,86.3,100.3,186.6,51.74,1314.469584,20.486452,292.0064516,87.3239,0.2233,2,14,85,99,31.39
PA-C1-6,Fiber,Fiber_PA,Polyamide,Non_degraded,79.4,81.0,160.4,54.0,1635.62742,17.753784,242.8732432,96.5217,0.2327,3,14,85,99,39.12
PA-C1-7,Fiber,Fiber_PA,Polyamide,Non_degraded,55.1,85.4,140.5,46.0,1394.490908,15.236667,174.5614943,94.5652,0.2778,2,14,85,99,33.29
LDPE-A2-1,Film,Film_PE,Low_Density_polyethylene,Degraded,63.0,68.7,131.7,53.37,1642.80617,16.665098,236.5666667,106.25,0.2242,0.32,14,85,99,38.98
LDPE-A2-2,Film,Film_PE,Low_Density_polyethylene,Degraded,60.1,36.2,96.3,50.82,2003.766487,14.340625,193.04375,114.2857,0.2365,0.25,14,85,99,47.53
LDPE-A2-3,Film,Film_PE,Low_Density_polyethylene,Degraded,73.8,55.7,129.5,65.96,2231.046365,15.94913,238.2430435,115.0,0.2131,0.2,14,85,99,52.92
LDPE-A2-4,Film,Film_PE,Low_Density_polyethylene,Degraded,64.3,70.3,134.6,54.42,2295.797208,19.299333,327.7853333,107.1429,0.1874,-,14,85,99,54.43
LDPE-A2-5,Film,Film_PE,Low_Density_polyethylene,Degraded,65.7,55.5,121.2,48.62,1383.597448,12.638986,169.8589855,132.6923,0.2368,-,14,85,99,32.8
LDPE-A2-6,Film,Film_PE,Low_Density_polyethylene,Degraded,62.4,73.5,135.9,55.45,1547.522862,19.330909,287.1213636,95.6522,0.2143,-,14,85,99,36.69
LDPE-A2-7,Film,Film_PE,Low_Density_polyethylene,Degraded,57.1,60.1,117.2,58.97,1444.598177,20.86,335.8283784,97.3684,0.1977,-,14,85,99,34.25
PET-A2-1,Film,Film_PET,Polyethylene_terephthalate,Degraded,70.5,94.3,164.8,52.18,1745.477355,19.2135,288.87825,97.561,0.2117,1.43,28,85,113,41.55
PET-A2-2,Film,Film_PET,Polyethylene_terephthalate,Degraded,64.1,43.0,107.1,52.05,1707.798713,23.512143,416.2578571,93.3333,0.1798,1.28,28,85,113,40.64
PET-A2-3,Film,Film_PET,Polyethylene_terephthalate,Degraded,50.1,68.6,118.7,69.64,1400.639604,20.442222,333.5155556,100.0,0.1951,1.37,28,85,113,33.36
PET-A2-4,Film,Film_PET,Polyethylene_terephthalate,Degraded,73.1,74.0,147.1,47.11,2129.881552,25.152308,508.6707692,100.0,0.1574,-,28,85,113,50.49
PET-A2-5,Film,Film_PET,Polyethylene_terephthalate,Degraded,47.7,45.7,93.4,62.82,1792.258428,21.238519,363.2062963,100.0,0.1861,-,28,85,113,42.49
PET-A2-6,Film,Film_PET,Polyethylene_terephthalate,Degraded,64.2,67.1,131.3,59.28,1607.247589,16.87,276.5384211,118.75,0.1942,-,28,85,113,38.1
PET-A2-7,Film,Film_PET,Polyethylene_terephthalate,Degraded,63.3,69.1,132.4,54.42,1545.747412,20.405429,360.0074286,109.375,0.1804,-,28,85,113,36.65
PP-A2-1,Film,Film_PP,Polypropylene,Degraded,64.0,83.8,147.8,44.55,1364.983776,19.834935,277.5135065,88.5057,0.2275,3.5,14,85,99,32.77
PP-A2-2,Film,Film_PP,Polypropylene,Degraded,77.4,69.3,146.7,54.1,1968.381155,15.757132,195.6948837,99.2308,0.2563,3.19,14,85,99,47.04
PP-A2-3,Film,Film_PP,Polypropylene,Degraded,66.6,55.7,122.3,55.56,1629.960235,17.890114,264.7444318,103.5294,0.2151,3.4,14,85,99,39.04
PP-A2-4,Film,Film_PP,Polypropylene,Degraded,60.2,73.6,133.8,38.21,1677.118962,15.701333,202.3225333,102.7397,0.247,-,14,85,99,39.76
PP-A2-5,Film,Film_PP,Polypropylene,Degraded,52.0,67.7,119.7,42.07,1337.346037,20.683151,306.4280822,90.1235,0.2149,-,14,85,99,31.71
PP-A2-6,Film,Film_PP,Polypropylene,Degraded,69.1,89.6,158.7,44.1,1196.557658,15.165741,210.9096296,114.8936,0.2289,-,14,85,99,28.37
PP-A2-7,Film,Film_PP,Polypropylene,Degraded,67.3,67.1,134.4,46.7,1569.102543,19.046579,258.0584211,88.3721,0.2349,-,14,85,99,37.2
PU-B2-1,Foam,Foam_PU,Polyurethane,Degraded,82.4,51.0,133.4,41.82,1310.704363,23.167778,345.4622222,80.0,0.2135,41.25,14,85,99,35.86
PU-B2-2,Foam,Foam_PU,Polyurethane,Degraded,69.0,38.4,107.4,45.93,2118.572672,17.069545,224.1322727,95.6522,0.2424,44.7,14,85,99,55.41
PU-B2-3,Foam,Foam_PU,Polyurethane,Degraded,104.4,82.3,186.7,44.03,2300.723246,14.666849,193.3709589,112.3077,0.2414,36.18,14,85,99,58.74
PU-B2-4,Foam,Foam_PU,Polyurethane,Degraded,75.8,73.4,149.2,48.45,1801.950472,21.372414,291.0896552,80.5556,0.2337,-,14,85,99,42.72
PU-B2-5,Foam,Foam_PU,Polyurethane,Degraded,104.6,58.1,162.7,32.64,1771.32,8.373333,124.5671111,225.0,0.214,-,14,85,99,41.99
PU-B2-6,Foam,Foam_PU,Polyurethane,Degraded,87.1,110.3,197.4,45.39,1771.32,16.266452,197.0032258,93.9394,0.2628,-,14,85,99,41.99
PU-B2-7,Foam,Foam_PU,Polyurethane,Degraded,91.6,104.9,196.5,37.3,1324.660132,21.531132,377.5822642,101.9231,0.1815,-,14,85,99,31.4
PS-B2-1,Foam,Foam_PS,Polystyrene,Degraded,76.1,59.8,135.9,40.65,2037.73278,13.57951917,173.2510717,121.6934333,0.247816667,65.58,14,85,99,55.91
PS-B2-2,Foam,Foam_PS,Polystyrene,Degraded,77.1,61.7,138.8,45.48,1571.082399,15.903519,207.7816667,103.8462,0.2436,47.76,14,85,99,42.78
PS-B2-3,Foam,Foam_PS,Polystyrene,Degraded,66.6,64.8,131.4,61.25,1566.292789,13.860638,172.9131915,111.9048,0.2552,52.95,14,85,99,43.27
PS-B2-4,Foam,Foam_PS,Polystyrene,Degraded,67.1,62.4,129.5,38.85,1691.743181,12.031923,137.8192308,130.0,0.2584,-,14,85,99,40.11
PS-B2-5,Foam,Foam_PS,Polystyrene,Degraded,88.3,97.1,185.4,43.89,1183.960503,16.214304,216.9324051,103.9474,0.2379,-,14,85,99,28.07
PS-B2-6,Foam,Foam_PS,Polystyrene,Degraded,89.3,73.5,162.8,49.2,1449.355686,11.982564,158.5274359,139.2857,0.2406,-,14,85,99,34.36
PS-B2-7,Foam,Foam_PS,Polystyrene,Degraded,69.1,35.6,104.7,47.7,2543.177774,11.484167,145.5325,141.1765,0.2512,-,14,85,99,60.29
PP-C2-1,Fiber,Fiber_PP,Polypropylene,Degraded,74.7,55.3,130.0,59.48,1960.086906,22.818571,347.6033929,83.5821,0.209,3,14,85,99,46.82
PP-C2-2,Fiber,Fiber_PP,Polypropylene,Degraded,84.2,64.8,149.0,42.95,1385.093906,19.706354,281.4079167,91.4286,0.2229,2,14,85,99,33.07
PP-C2-3,Fiber,Fiber_PP,Polypropylene,Degraded,83.1,62.5,145.6,50.34,1891.15259,22.413333,306.0916667,76.0563,0.2331,3,14,85,99,45.18
PP-C2-4,Fiber,Fiber_PP,Polypropylene,Degraded,67.7,58.5,126.2,38.52,1937.039564,16.8172,224.3084,100.0,0.2386,2,14,85,99,46.15
PP-C2-5,Fiber,Fiber_PP,Polypropylene,Degraded,93.3,59.8,153.1,50.11,2155.995453,17.831068,222.4568932,88.0342,0.2551,3,14,85,99,51.46
PP-C2-6,Fiber,Fiber_PP,Polypropylene,Degraded,91.4,71.6,163.0,45.21,2408.276566,12.902727,160.4118182,122.2222,0.256,2,14,85,99,57.33
PP-C2-7,Fiber,Fiber_PP,Polypropylene,Degraded,85.0,57.2,142.2,50.91,2486.658867,18.860319,233.5719149,82.4561,0.257,3,14,85,99,59.3
PET-C2-1,Fiber,Fiber_PET,Polyethylene_terephthalate,Degraded,55.2,75.9,131.1,53.92,2089.074038,16.49,238.5018868,110.4167,0.2201,2,28,85,113,49.76
PET-C2-2,Fiber,Fiber_PET,Polyethylene_terephthalate,Degraded,75.1,59.4,134.5,48.92,1078.437551,18.547377,243.1047541,88.4058,0.2428,3,28,85,113,25.91
PET-C2-3,Fiber,Fiber_PET,Polyethylene_terephthalate,Degraded,73.5,96.3,169.8,70.93,1371.7117,17.443377,221.1044156,91.6667,0.2511,2,28,85,113,32.75
PET-C2-4,Fiber,Fiber_PET,Polyethylene_terephthalate,Degraded,78.9,103.3,182.2,50.92,1506.772469,13.130225,155.0013483,112.6582,0.2696,3,28,85,113,36.07
PET-C2-5,Fiber,Fiber_PET,Polyethylene_terephthalate,Degraded,98.5,44.6,143.1,71.1,1570.734957,19.836563,293.164375,94.1176,0.2154,2,28,85,113,37.47
PET-C2-6,Fiber,Fiber_PET,Polyethylene_terephthalate,Degraded,59.5,33.9,93.4,61.56,1635.62,22.70725,356.36475,86.9565,0.2028,3,28,85,113,39.12
PET-C2-7,Fiber,Fiber_PET,Polyethylene_terephthalate,Degraded,64.6,54.8,119.4,33.56,2197.033337,16.826207,193.8568966,86.5672,0.2763,2,28,85,113,52.32
PA-C2-1,Fiber,Fiber_PA,Polyamide,Degraded,134.3,96.2,230.5,52.39,2667.702439,16.138333,229.1303846,109.8592,0.2242,3,14,85,99,63.59
PA-C2-2,Fiber,Fiber_PA,Polyamide,Degraded,192.1,94.6,286.7,58.22,2422.753971,15.677195,232.9041463,118.8406,0.2143,2,14,85,99,57.67
PA-C2-3,Fiber,Fiber_PA,Polyamide,Degraded,124.2,114.4,238.6,61.17,2381.945985,15.007037,205.8508642,114.0845,0.2321,3,14,85,99,56.82
PA-C2-4,Fiber,Fiber_PA,Polyamide,Degraded,162.1,161.4,323.5,53.88,2239.422281,8.982222,101.4111111,158.8235,0.2819,2,14,85,99,53.32
PA-C2-5,Fiber,Fiber_PA,Polyamide,Degraded,131.7,138.0,269.7,59.77,2484.76,15.805546,199.1433613,100.0,0.2526,3,14,85,99,59.26
PA-C2-6,Fiber,Fiber_PA,Polyamide,Degraded,180.7,108.9,289.6,40.27,2952.658265,19.69981,280.7885714,91.3043,0.2233,2,14,85,99,70.23
PA-C2-7,Fiber,Fiber_PA,Polyamide,Degraded,191.4,177.4,368.8,44.96,2244.107092,15.188081,190.2028283,103.125,0.2542,2,14,85,99,53.43
